mass,0.001,0.005,0.01,0.025,0.05,0.075,0.1,0.125,0.15,0.175,0.2,0.225,0.25,0.275,0.3,0.325,0.35,0.375,0.4,0.425,0.45,0.475,0.5,0.525,0.55,0.575,0.6,0.625,0.65,0.675,0.7,0.725,0.75,0.775,0.8,0.825,0.85,0.875,0.9,0.925,0.95,0.975
0.05,3.914231906,3.870862221,3.818986054,3.676899703,3.47346267,3.299043956,3.14581833,3.009112239,2.885875415,2.773856007,2.671313907,2.576884174,2.489503912,2.408306042,2.33255391,2.261941555,2.19680186,2.136135532,2.078724158,2.024963818,1.975428741,1.929034356,1.8848749545584211,1.8428783649819678,1.8029778149749822,1.7651538663844093,1.731522192689817,1.7027220531051899,1.6715241053401395,1.6394236743518908,1.607952996114988,1.5787200225522466,1.5579476415458409,1.551532239468566,1.5227861925550703,1.4948873337448727,1.4951438469203364,1.4824687693266632,1.4609374429034307,1.4409427711337859,1.4113095693103417,1.3706221783611694
0.052748818,3.921268269,3.877774744,3.825790215,3.683612087,3.480194786,3.305873899,3.152756265,3.016163112,2.893042564,2.781105316,2.67862222,2.584238797,2.496882812,2.415687576,2.339983441,2.27020548,2.205739082,2.144970323,2.088055189,2.035904613,1.987220398,1.940687104,1.896152812,1.8537597815002727,1.8134441650288755,1.7751810004981288,1.7406890146978886,1.7106668110124428,1.6789148529512437,1.6465613887018882,1.6149120590685333,1.58543819725561,1.5640064791170252,1.5565861940466714,1.5277727590783456,1.4998084892539163,1.4990336040908483,1.4859295599757647,1.4642520923204174,1.4441087105228791,1.4144910745468566,1.3739322113492105
0.055648756,3.928548586,3.884926264,3.832829151,3.690553438,3.487151304,3.312918327,3.159898091,3.023413937,2.900399958,2.788548342,2.686116165,2.591768388,2.504435543,2.423232805,2.348097508,2.279243366,2.214799826,2.154329397,2.09915727,2.047978979,1.999148554,1.952479107,1.90781291,1.865010002,1.824265251211502,1.7855479843894189,1.7501665279149479,1.7188808406953608,1.686556095260357,1.6539410216905215,1.6221069856267776,1.5923840711353008,1.5702706689431558,1.5618114423683072,1.5329283353609957,1.5048964375460394,1.5030551968481003,1.489507647244117,1.4676790851901105,1.4473819531339085,1.417780410578762,1.3773544313252764
0.058708122,3.936101998,3.892345788,3.840131738,3.697744531,3.494350682,3.320198602,3.167263224,3.030883899,2.907965067,2.796188017,2.693808558,2.599488481,2.512162518,2.431119423,2.357032772,2.288542849,2.224136881,2.165417265,2.111493161,2.060181467,2.011209407,1.964403874,1.919606783,1.876677973,1.835488153,1.7962999218651305,1.7599959663131948,1.7273998790676086,1.6944810771457226,1.6615946800080719,1.6295690788747061,1.599587863718731,1.5767674647376526,1.567230718007049,1.538275351853313,1.5101733148413272,1.5072261220016616,1.4932185983746853,1.4712333313865966,1.4507767399171878,1.421191888374282,1.3809037273979465
0.06193568,3.943960502,3.900065777,3.847731282,3.70521952,3.501819555,3.327740455,3.174885725,3.038604261,2.915766942,2.804049702,2.701711911,2.60741646,2.520081595,2.43980145,2.366580337,2.297960195,2.235028742,2.177975822,2.123976335,2.072515273,2.023399852,1.976457352,1.931529836,1.888474529,1.847165618,1.807487347,1.770223528224395,1.7362639655846566,1.7027270459990576,1.6695583358262804,1.637333410628792,1.6070834328100045,1.583527401421776,1.5728694915425723,1.543838939517196,1.5156639224476567,1.5115659828875736,1.4970798548269455,1.4749315358566195,1.4543090263606846,1.4247415418690932,1.3845967812483975
0.065340679,3.952175647,3.908136385,3.855675934,3.713023887,3.509601389,3.335581995,3.182799125,3.046611674,2.92385234,2.812184217,2.709877572,2.615589845,2.528452498,2.449388822,2.376294071,2.308478442,2.247687543,2.190759181,2.136595807,2.08497983,2.035718634,1.988637823,1.94357718,1.900399831,1.858973367,1.819183045,1.780915754,1.745530769849218,1.7113476499596074,1.6778838005603778,1.6454504955051465,1.6149195444597202,1.590594459033648,1.578764448743789,1.5496552949634987,1.5214039821688148,1.5161030145701755,1.5011165378725762,1.4787977590583126,1.4580017934625504,1.4284524650511004,1.3884576198249152
0.068932871,3.96117775,3.916999577,3.864420021,3.721638946,3.518187844,3.344189932,3.191434105,3.055281278,2.932530233,2.820849096,2.718512656,2.624169995,2.537843428,2.459546654,2.386513176,2.321024453,2.260894076,2.203779659,2.149436055,2.097647544,2.048219749,2.000979487,1.955774242,1.912461998,1.870910807,1.831006242,1.792631027,1.755684235,1.7207930854509852,1.6870058574883522,1.6543442344970438,1.6235054263108455,1.598337702673219,1.5852234437542703,1.5560281674924292,1.5276932588901404,1.521074155835505,1.5055394564385056,1.4830339079423092,1.46204788972274,1.4325184545907557,1.3926878688752147
0.072722549,3.971588819,3.927235412,3.874497722,3.731484852,3.527872828,3.353796141,3.20099571,3.064816024,2.942021149,2.830279361,2.727863341,2.633570485,2.548519305,2.470184105,2.398721387,2.334813714,2.274442124,2.217105285,2.162558729,2.110576768,2.060965025,2.013556011,1.968191736,1.924726341,1.883027796,1.842979003,1.804472702,1.767414774,1.731705621,1.6975447861166324,1.6646193820009711,1.6334248991615754,1.6072836556214591,1.5926856738152482,1.563390898208739,1.5349594093880932,1.5268174331917055,1.510649359113206,1.4879280311756666,1.4667224406541777,1.4372159886995761,1.3975751758908328
0.07672057,3.982798636,3.938240759,3.885313497,3.741984545,3.538127052,3.363921575,3.211050993,3.074823982,2.951970878,2.84015973,2.737654173,2.644058245,2.559818792,2.481878065,2.41301541,2.349078953,2.288455804,2.230869083,2.17607341,2.123851462,2.07402092,2.026414987,1.980866848,1.937225862,1.895363255,1.85516188,1.816510183,1.779308993,1.743465533,1.70890208,1.6756924117189926,1.6441146355007625,1.6169242766260743,1.6007273583941153,1.5713253571541048,1.5427897885012587,1.5330066855425588,1.5161560541899948,1.4932021911802715,1.4717599782041182,1.4422782941086718,1.402841990387106
0.080938388,3.99444873,3.949675188,3.896545351,3.752877183,3.548747295,3.374397382,3.221451957,3.085171835,2.962254485,2.850372364,2.747797711,2.655571235,2.571371038,2.49564207,2.427787825,2.363599672,2.302735492,2.244916795,2.18989941,2.137471333,2.087436976,2.039621529,1.993861951,1.950011508,1.907959978,1.867582472,1.828764991,1.791408326,1.755421738,1.720714624,1.687209297,1.6552328633243787,1.6269513359743504,1.6090913889367346,1.5795778639898734,1.550934043528982,1.5394440302544559,1.5218834817407083,1.4986877626339319,1.476999442338041,1.4475435189060994,1.4083199218922666
0.085388086,4.006450292,3.961452645,3.908117749,3.764094586,3.559678506,3.385170609,3.232145281,3.095796055,2.972807925,2.86084438,2.758694233,2.667561756,2.583963723,2.510830046,2.442742384,2.378310747,2.31721546,2.259176171,2.203953295,2.151325325,2.101093347,2.053079878,2.007125545,1.963094458,1.92085296,1.880284431,1.841276959,1.80374205,1.767583482,1.732721587,1.69907555,1.666688365489034,1.6372825687833525,1.6177091445274863,1.588080712773038,1.5593253566572682,1.5460766534972656,1.5277846523000795,1.5043397403284615,1.4823978469830958,1.4529684656711057,1.4139640278784662
0.090082412,4.018793369,3.973565318,3.920021579,3.775633672,3.570923927,3.396245453,3.24312524,3.106698619,2.983631458,2.87157392,2.770536465,2.679727471,2.598586443,2.526199861,2.457853317,2.393175493,2.331849034,2.273595277,2.218169768,2.165347191,2.114927867,2.066731965,2.020604609,1.976396813,1.933976695,1.893228411,1.854044753,1.816332128,1.779995447,1.744952872,1.711136629,1.678471654,1.6479094182319984,1.6265734875290634,1.596826861037605,1.5679567777992875,1.5528990618152265,1.53385467823644,1.5101534430256394,1.487950720922388,1.4585486412033428,1.4197696336272088
0.095034814,4.031478475,3.986012655,3.932257703,3.787491244,3.582482828,3.407618262,3.254397621,3.117885345,2.994733378,2.882654407,2.783133259,2.692758508,2.614375844,2.541713443,2.473104903,2.4081921,2.346635014,2.288168889,2.23254111,2.179522621,2.128915689,2.080543362,2.034241658,1.989865677,1.947282614,1.906370541,1.867024163,1.829139296,1.79262989,1.757417781,1.723424195,1.690581949,1.658831181,1.6356838312697248,1.6058157299343543,1.5768277356988427,1.559910803678635,1.5400931578152572,1.5161284859552597,1.493657696648227,1.46428367618821,1.4257363549041713
0.100259482,4.044501943,3.998801447,3.944829475,3.7996952,3.594412442,3.419379968,3.26607556,3.129476975,3.0062169,2.894684649,2.796015622,2.707847863,2.630373447,2.557416321,2.488532488,2.423352659,2.361566422,2.302896662,2.247063053,2.193849036,2.143058847,2.094507691,2.048034166,2.0032452839616166,1.960501504074865,1.9186116778112416,1.8791124879253644,1.841082634915661,1.8044329669609116,1.7690806276550923,1.7349453324399793,1.701959711360821,1.6700620109419126,1.6450519821293554,1.6150589684201146,1.5859497265082072,1.5671209658234533,1.5465081756776724,1.5222726123626555,1.499526170009258,1.4701810028372257,1.431871924170397
0.105771384,4.058094596,4.012160912,3.95798941,3.812513784,3.606965174,3.431769615,3.278370874,3.14165426,3.01825953,2.907954722,2.809560014,2.724564887,2.646776473,2.573506257,2.504320378,2.438861658,2.376805915,2.317863083,2.2617851,2.208359093,2.156889291708243,2.108138906980126,2.061976084,2.017264183,1.974352007,1.9314377093653932,1.8917784060766245,1.8535966394690222,1.8168000076917776,1.7813007377246137,1.7470169622749785,1.7138811155004685,1.6818294620729215,1.6548677533589793,1.6247438588276817,1.5955075758943968,1.5746756373058488,1.5532297100247294,1.5287103117682848,1.505675045368135,1.4763601101253618,1.4383006575654051
0.111586309,4.072909082,4.026729689,3.972344441,3.826482713,3.62059399,3.445180694,3.291611247,3.154715484,3.031151965,2.92233723,2.825361438,2.741917927,2.663760933,2.590137484,2.520618205,2.454843727,2.392486473,2.333256472,2.276549041704157,2.223209522,2.171965376,2.122997819,2.076126827,2.031211101,1.988116168,1.9454189179901507,1.9055850806781345,1.8672377183680582,1.8302808864654736,1.79462145252078,1.760175823958064,1.7268762214046411,1.6946567491842668,1.6655675824366523,1.6353010192965627,1.6059262533869743,1.5829107205925952,1.5605566196450522,1.5357278228412594,1.5123777194444559,1.4830957389709207,1.4453083951036354
0.117720918,4.088938035,4.042484731,3.987850675,3.841522788,3.63516907,3.459458448,3.305645417,3.16852307,3.045236853,2.937295961,2.843395303,2.759778223,2.681227199,2.607236134,2.53738677,2.471301881,2.408642805,2.349126212,2.292495109,2.238521842,2.186999422,2.137755227,2.09063815,2.04547503,2.002142124,1.96051958,1.920497234,1.881971017,1.844841158,1.809008736,1.774388295,1.740911825,1.708511097,1.67712413,1.646703475,1.617179138,1.5918051740460621,1.5684701833949906,1.5433072149887819,1.5196170660921753,1.4903706790244198,1.4528772311648586
0.124192785,4.106541035,4.059794676,4.004901594,3.858075059,3.651204258,3.475139711,3.321008135,3.183563438,3.06117658,2.953799376,2.86261476,2.778492637,2.699455057,2.625009648,2.554747819,2.4874156816343547,2.425265657,2.365419988,2.308480138,2.254216342,2.20243147,2.152931546,2.105545724,2.060134226,2.016542921,1.974668563,1.93440496,1.895640208,1.858293781,1.822278439,1.787504185,1.753876613,1.721323848,1.68979838,1.65920873,1.629520356,1.6015598629844903,1.577149114953734,1.5516196552222656,1.527556573003466,1.4983492217914216,1.4611780943701644
0.131020452,4.127195371,4.080113221,4.02491311,3.87743687,3.669796654,3.493159782,3.338530665,3.200594803,3.079484211,2.9739413,2.883483988,2.798764115,2.719149665,2.64415538,2.5730095241202466,2.50631843,2.442779938,2.382446248,2.325058514,2.270403281,2.218277833,2.168473151,2.120805081,2.075135915,2.03130194,1.989184031,1.948667798,1.909655096,1.872061234,1.835803466,1.800800048,1.766987339,1.734279331,1.702593395,1.671842756,1.641996604,1.613002876,1.5873301804304791,1.5613707977120772,1.5368702355401278,1.5077086764397332,1.4709156561005117
0.13822348,4.149663201,4.102150869,4.046545494,3.898206429,3.68955899,3.512209997,3.356986827,3.218596109,3.098574384,2.996160539,2.905096481,2.819787876,2.7396358,2.664141102,2.592851761,2.525389887,2.461420908,2.400649717,2.342813269,2.287679334,2.235034077,2.184706099,2.1365749,2.090508457,2.046385831,2.003999833,1.963244013,1.923998938,1.886164024,1.849653702,1.814397474,1.780324998,1.747379996,1.715513558,1.684604673,1.6545971,1.62543627,1.5983924066326691,1.5719658915358492,1.5469899859716274,1.5178781822429568,1.4814959937640828
0.145822503,4.173128223,4.125172647,4.069144956,3.919895447,3.710184533,3.532079487,3.376210779,3.237949149,3.118732124,3.01896537,2.927239898,2.841321746,2.760618058,2.684605072,2.612830912,2.544914677,2.480512799,2.419331154,2.361099546,2.305585203,2.252575267,2.20188878,2.153352677,2.106823092,2.062164632,2.019289256,1.978143565,1.938622893,1.900537439,1.863789525,1.828282713,1.793955866,1.760750532,1.728626019,1.697507013,1.667337727,1.638017313,1.6099458244940295,1.5830314351243648,1.5575590796830403,1.528499240594205,1.4925461259804467
0.153839293,4.197730684,4.149309879,4.092846881,3.942630557,3.731807171,3.552898701,3.3963346,3.258897478,3.141519348,3.042444958,2.950022265,2.86346866,2.782177516,2.705615915,2.633334904,2.564936783,2.500084133,2.438470501,2.379821186,2.32390972,2.270522261,2.21947016,2.170584278,2.123712739,2.078719124,2.035477541,1.993870416,1.953798349,1.915254054,1.878167303,1.842415646,1.807858356,1.774430114,1.742035315,1.710658036,1.680241804,1.650748462,1.622058899,1.594633002344143,1.5686401486033552,1.5396347913623645,1.5041315352890894
0.162296817,4.223575121,4.174652724,4.117725342,3.966450174,3.754414523,3.57463033,3.417310341,3.280888588,3.166392291,3.066578026,2.973437507,2.886079393367546,2.804350174,2.727231598,2.654429792,2.585541086,2.520214328,2.458140785,2.399051547,2.342716901,2.288923683,2.237479809,2.188222484,2.140992186,2.095645807,2.052052491,2.010103404,1.969690079,1.930731407,1.893141431,1.856905118,1.822013571,1.788354205,1.755726051,1.724094559,1.693414866,1.663655793,1.634780462,1.606817362987875,1.5802778642227584,1.5513297256721477,1.5162989263447653
0.171219305,4.250232161,4.200783096,4.143362203,3.990971593,3.77765951,3.596953348,3.438841933,3.303338397,3.191717946,3.091103029,2.997243825,2.909400125,2.826913253,2.749250235,2.675939984,2.606576179,2.540795473,2.478285506,2.418775723,2.362026458,2.307827018,2.255981988,2.206325603,2.158700188,2.112963775,2.068993149,2.026685315,1.985934823,1.946652865,1.908739513,1.872135326,1.836736009,1.802561427,1.76966046,1.737791845,1.706867707,1.676839563,1.647685145,1.619384324,1.5922810150433533,1.5633918919037433,1.5288483849078307
0.180632319,4.277564181,4.22757931,4.169656082,4.016108512,3.801495335,3.61983129,3.461220935,3.327280472,3.217408702,3.115987687,3.02141172,2.932908036,2.849825402,2.77161249,2.697794498,2.627945914,2.561706375,2.498765111,2.438843856,2.38169937,2.327114719,2.274893816,2.224855939,2.176840721,2.130715648,2.086360701,2.043682364,2.002570596,1.962935165,1.924705621,1.887757821,1.852037726,1.817469645,1.784004361,1.75173301,1.720569263,1.690291423,1.660857776,1.63227123,1.6045897566857905,1.5757611514433383,1.5417173428601216
0.190562826,4.305579827,4.255039644,4.196598592,4.04186777,3.825918599,3.643259133,3.484835606,3.353566781,3.243458742,3.141223631,3.045924762,2.956762072,2.873083604,2.794317843,2.719983504,2.64964698,2.58294757,2.519569025,2.459232761,2.401691731,2.346718188,2.294107151,2.243685333,2.195299363,2.148830504,2.104140661,2.06111168,2.019641828,1.979640409,1.941041831,1.903745753,1.867686606,1.832787987,1.798985105,1.766214721,1.7344949,1.703915614,1.674219632,1.645320392,1.6172019816071534,1.5884353863859442,1.5549035967366565
0.201039276,4.334190951,4.2830935,4.224119759,4.068191831,3.850893649,3.667230658,3.509538608,3.380900398,3.269865881,3.1667829057986747,3.070783976,2.980960878,2.896680946,2.817362913,2.74250537,2.671676137,2.604517131,2.54070062,2.479944911,2.421999628,2.366620353,2.313608099,2.262813408,2.21408077,2.16726121,2.122231794,2.078874582,2.037077096,1.996758811,1.957797019,1.920133435,1.883678668,1.848363744,1.814149481,1.780971711,1.748789166,1.717613414,1.687616531,1.658467681,1.6300797815040493,1.601376502045931,1.5683675128870938
0.212091684,4.363258576,4.311589899,4.252080169,4.094957349,3.876301802,3.691638939,3.534645112,3.40855762,3.296609072,3.192748082,3.09598479,3.005504674,2.92061848,2.840741534,2.765354987,2.69403856,2.626412146,2.562157184,2.50097655,2.442601821,2.386805648,2.333416678,2.282258381,2.233167346,2.186006147,2.140639869,2.096967449,2.054839512,2.014173138,1.974826858,1.936721437,1.899809038,1.864049426,1.829415632,1.795870676,1.763343529,1.731803617,1.701220699,1.671786565,1.643162091,1.614523132809129,1.5820452466240502
0.223751712,4.392705829,4.340459924,4.280402039,4.122088382,3.902075427,3.716398114,3.560325052,3.436443549,3.323594699,3.218947798,3.121479456,3.030364177,2.944892947,2.864454113,2.788542189,2.716729179,2.648638075,2.583934866,2.522303928,2.463493904,2.40730251,2.353538383,2.302015421,2.252571051,2.205063247,2.159371769,2.11534419,2.072811515,2.031662305,1.991847719,1.953333107,1.916061204,1.879970497,1.844981109,1.81105573,1.778174821,1.746273595,1.715309424,1.685307409,1.656414238,1.6278404361096317,1.5959005477973722
0.236052766,4.422483999,4.369649983,4.309044725,4.149535696,3.928173685,3.741475435,3.587912981,3.464515499,3.350783817,3.24536326,3.147211824,3.05547701,2.969431877,2.888455961,2.812042905,2.739751564,2.671195869,2.606018202,2.54393077,2.484706371,2.428124502,2.373976634,2.322086192,2.272284704,2.22444455,2.178341163,2.133794933,2.090742201,2.049161439,2.008992332,1.970142708,1.932538698,1.896113741,1.860786832,1.826511955,1.793264894,1.7609999,1.729685606,1.699275457,1.669857599,1.6413061898716474,1.609910296594749
0.249030088,4.452553607,4.399132203,4.337975909,4.177261361,3.954562727,3.767215771,3.617078691,3.492750742,3.378150414,3.271970878,3.17314999,3.080810744,2.994202047,2.91270789,2.835806353,2.763052739,2.694033074,2.628393013,2.565882806,2.506247905,2.449265255,2.394734792,2.342471322,2.292323389,2.243955456,2.197265841,2.152226457,2.108794205,2.066863754,2.026343309,1.987157945,1.949205041,1.912443521,1.876819402,1.842272963,1.808710218,1.776089273,1.744401011,1.713631914,1.683724294,1.654903448,1.6240568623257112
0.262720855,4.482896001,4.42888485,4.367169022,4.205253313,3.981220433,3.793884552,3.646464241,3.521134197,3.4056813,3.298755056,3.199279866,3.106345502,3.01918728,2.937183757,2.859811386,2.786588471,2.717104322,2.651041375,2.588129518,2.528103405,2.470736018,2.415823103,2.36315506,2.312370382,2.263400896,2.216267711,2.170851402,2.127043846,2.084742586,2.043880974,2.004359844,1.966125688,1.929085829,1.893194687,1.858346308,1.824487264,1.791559895,1.759511603,1.728345458,1.698057448,1.668625734,1.638333506855485
0.277164291,4.513500159,4.458892767,4.396616022,4.233501824,4.008148409,3.82126575,3.675980308,3.549662424,3.433366398,3.325713466,3.225595986,3.132070131,3.044376516,2.961880273,2.884033903,2.810338039,2.740408868,2.67394685,2.610643851,2.550237852,2.492502482,2.437140652,2.383771129,2.332400623,2.2830191,2.23547756,2.189662292,2.145469857,2.102845404,2.061692738,2.021892453,1.98337889,1.946071776,1.909887579,1.874747219,1.840589014,1.807346245,1.774977185,1.74344369,1.712730144,1.682842737,1.6527303603209134
0.292401774,4.544358031,4.489155121,4.426315918,4.261998222,4.03533957,3.848838826,3.705621452,3.578330866,3.46120639,3.352843625,3.252092307,3.157988066,3.069768457,2.98678835,2.908454885,2.834299373,2.763959447,2.697100448,2.633417075,2.57266258,2.51441072,2.458312403,2.404413265,2.352639646,2.302825723,2.254864045,2.208693218,2.164198422,2.12129931,2.079843835,2.039758097,2.000967077,1.96336141,1.9268503,1.891360208,1.856845505,1.823257633,1.790538941,1.758671098,1.727575762,1.697314768,1.6672528203304144
0.308476958,4.575451939,4.519655404,4.456249803,4.290752421,4.062782405,3.876988715,3.735390249,3.607136076,3.489199417,3.380142109,3.278766397,3.184101912,3.095369556,3.011896519,2.933076164,2.858490331,2.78774854,2.720498344,2.656463436,2.595138577,2.536139327,2.479537072,2.42522095,2.373019971,2.322812104,2.274543543,2.228078393,2.183306864,2.140083718,2.098322674,2.057924715,2.018730624,1.980687986,1.943773857,1.907932468,1.873096417,1.839215579,1.806212849,1.774042011,1.742628936,1.711963376,1.6818866455064216
0.325435898,4.606785994,4.550391701,4.486427203,4.319744863,4.090485256,3.906884839,3.765286076,3.636090869,3.517361056,3.407616207,3.305625167,3.210412656,3.121171937,3.037189902,2.957914647,2.882909693,2.811799229,2.744167164,2.679560665,2.617454045,2.55795446,2.500917735,2.446152837,2.393595166,2.343112618,2.294562656,2.247819587,2.202717394,2.159136278,2.116909246,2.076017694,2.036408045,1.998030495,1.960816501,1.924690429,1.889578266,1.855426343,1.822163718,1.789692843,1.757968494,1.726942419,1.696636445
0.343327179,4.638375465,4.581377221,4.51685466,4.348980889,4.118431138,3.938012552,3.795317186,3.665196886,3.54569144,3.435270113,3.332678589,3.23692559,3.147177698,3.062698339,2.982990016,2.907603098,2.836072053,2.767923125,2.702477847,2.639858247,2.579904263,2.522410945,2.467324206,2.414483569,2.363725917,2.314907625,2.267806738,2.222220928,2.178087425,2.135445615,2.094201455,2.054286728,2.015615768,1.978118511,1.941721056,1.906349769,1.871933873,1.83835069,1.805597698,1.773586549,1.742247407,1.711501068
0.362202056,4.670217634,4.612615647,4.547533295,4.378474578,4.146637569,3.969294089,3.825487065,3.694457821,3.574202517,3.463120914,3.359943246,3.263692318,3.173386197,3.088443953,3.008334589,2.932520009,2.860518755,2.79149266,2.725486763,2.662393905,2.601967358,2.544170587,2.488807941,2.435694588,2.3846526,2.335355856,2.287650556,2.241599364,2.197150575,2.154202589,2.112650276,2.072448938,2.033495618,1.995621742,1.958776748,1.922939406,1.888114957,1.854227873,1.821226892,1.788995001,1.757481326,1.726578084
0.382114606,4.702331132,4.644129234,4.578482099,4.40823963,4.175215409,4.000719213,3.85581347,3.723893882,3.60290079,3.49117299,3.38745863,3.290642503,3.19982142,3.11446284,3.033909009,2.957671867,2.884805125,2.815131086,2.748632611,2.685050793,2.624329297,2.566258761,2.510606521,2.457161805,2.405488772,2.355619151,2.307549412,2.261191444,2.216460898,2.173228813,2.131334795,2.090572872,2.050982271,2.012637484,1.97547088,1.939391765,1.904333813,1.870256752,1.83701543,1.804577128,1.772840013,1.741693884
0.403121876,4.734698394,4.675893787,4.60969082,4.43831505,4.204615595,4.032292659,3.886307972,3.753522964,3.631805359,3.519478059,3.415172997,3.317780405,3.226538075,3.140715551,3.059746019,2.982761746,2.909094446,2.838915505,2.771904502,2.708009684,2.6470156,2.588646417,2.532591483,2.478410278,2.426246267,2.376038719,2.327671716,2.281061872,2.235927546,2.191984636,2.149429755,2.108269117,2.068429298,2.029839093,1.992430763,1.956118843,1.920843044,1.886537425,1.853089221,1.8204263,1.788480045,1.75711028
0.425284048,4.767311,4.707901256,4.641136734,4.468565951,4.234718372,4.063995794,3.916966632,3.783380179,3.660948928,3.547974836,3.443116909,3.345213695,3.253489599,3.167239631,3.08570279,3.007753567,2.933553584,2.862819337,2.795486601,2.731311623,2.67000929,2.611112532,2.55431502,2.499703039,2.447223663,2.396719094,2.348011373,2.300621028,2.254722738,2.210426423,2.167630439,2.126244032,2.0861718,2.047337367,2.009660151,1.973101492,1.937604324,1.903029107,1.869376506,1.836508925,1.804351299,1.772804761
0.448664617,4.800068623,4.740056116,4.672730891,4.499004279,4.26511925,4.095798241,3.947788412,3.813358537,3.690247086,3.576691302,3.471274878,3.372887784,3.280713498,3.19402653,3.111506919,3.032912658,2.958135254,2.887029612,2.819414678,2.754926987,2.693026803,2.633405312,2.576180066,2.521252781,2.468481683,2.417308968,2.36765085,2.319807775,2.273668352,2.229152985,2.186115252,2.144471061,2.104132097,2.065034974,2.027109633,1.99030417,1.954575939,1.919806063,1.885928008,1.852862971,1.820520973,1.788767383
0.473330563,4.833008556,4.772385162,4.704513562,4.529656338,4.29569184,4.127749,3.978707438,3.843502115,3.719727671,3.605603799,3.499644791,3.400793808,3.308199541,3.220782616,3.137394637,3.058224554,2.982991498,2.91160358,2.843667925,2.778553756,2.715896678,2.655861443,2.598312992,2.542998246,2.489195009,2.437295952,2.387372239,2.339268912,2.292909772,2.248106046,2.204786467,2.162885216,2.122319463,2.083003923,2.044885412,2.007889665,1.971907891,1.936934039,1.902829076,1.869574579,1.837016738,1.80505108
0.499352554,4.86613949,4.804902614,4.736480133,4.560527649,4.327361542,4.15976746,4.009763683,3.87379983,3.749397372,3.634711572,3.528236322,3.428945353,3.33589342,3.247403174,3.163423342,3.083713184,3.008202429,2.936523182,2.86796315,2.802024666,2.738961229,2.678602762,2.620485644,2.563980942,2.509681428,2.457541557,2.407371704,2.359007822,2.31231889,2.267247371,2.223723953,2.181629836,2.140872922,2.101361594,2.06305775,2.025840643,1.989633897,1.954433018,1.920111128,1.886636619,1.853871095,1.821698613
0.526805138,4.899454663,4.837616818,4.768650119,4.591596548,4.360451809,4.191913775,4.040983371,3.904277287,3.779263135,3.664014112,3.557063544,3.457345478,3.363468222,3.274171179,3.189566584,3.109535949,3.033754538,2.961519346,2.892072956,2.825742526,2.762334495,2.701193172,2.641899192,2.585052235,2.530518958,2.478086931,2.427570735,2.378920768,2.332002273,2.286745144,2.243034808,2.200750878,2.159802503,2.120122346,2.081605617,2.04417587,2.007753411,1.972322938,1.93778496,1.904075501,1.871100456,1.838717419
0.555766966,4.933012515,4.870571056,4.801065691,4.622952148,4.394029973,4.224280206,4.072442733,3.935014928,3.809407027,3.693601426,3.586189263,3.486008771,3.391007863,3.301079919,3.21601699,3.135708949,3.05948697,2.986265954,2.916408681,2.849725508,2.785417695,2.723147695,2.663557472,2.6064493,2.55159718,2.498805798,2.448042953,2.399189593,2.352098243,2.306652253,2.26273488,2.220256748,2.179123577,2.139268965,2.100552382,2.062895602,2.026295705,1.990606938,1.955865149,1.92191195,1.888700458,1.85611365
0.58632101,4.967109313,4.904052933,4.834019981,4.654831291,4.42800462,4.257049314,4.10432802,3.966191506,3.839975796,3.723634092,3.615755965,3.514725183,3.418853315,3.328287351,3.242936236,3.162270739,3.085025628,3.011267885,2.94104635,2.873382377,2.807931784,2.745404405,2.685526354,2.628069005,2.57287768,2.519874097,2.468936503,2.419876111,2.372610614,2.326978909,2.282875226,2.240208899,2.198903884,2.15881254,2.119883253,2.08206176,2.045223184,2.009344219,1.974331225,1.940170053,1.906734474,1.873901027
0.618554804,5.001787929,4.938110614,4.867531144,4.687264858,4.462425016,4.290271127,4.136666403,3.99782028,3.870990365,3.754125006,3.645782103,3.543575306,3.447001561,3.355989804,3.270335563,3.188793715,3.110813269,3.036702989,2.965502165,2.896598578,2.830859384,2.768017161,2.707727176,2.649960229,2.594572035,2.541404114,2.490258677,2.441024202,2.393534674,2.347698833,2.303411513,2.260573463,2.219056567,2.1787865,2.139667188,2.101627906,2.064602114,2.02849379,1.993260065,1.958852869,1.925170985,1.892096367
0.652560694,5.037015406,4.972711897,4.901600094,4.720241812,4.497273638,4.323933125,4.169457616,4.029925022,3.902480915,3.785114275,3.676030367,3.572785803,3.475547202,3.384241809,3.298001306,3.215426804,3.137002168,3.062109668,2.989463643,2.920255019,2.854177585,2.790883052,2.730344842,2.672377583,2.616795218,2.563382286,2.512050199,2.462590173,2.414926883,2.368908242,2.324445332,2.28138875,2.239650423,2.199190781,2.15988766,2.121616314,2.084414563,2.048067359,2.012639044,1.977974802,1.944037107,1.910744364
0.688436105,5.072826747,5.007885932,4.93623069,4.753772341,4.532546387,4.358030166,4.202703433,4.062493962,3.934453551,3.816585654,3.706358662,3.602338364,3.504639371,3.41298825,3.325586486,3.242480748,3.163525601,3.086882843,3.013886605,2.94431537,2.877774246,2.814220911,2.753461713,2.695292608,2.639508363,2.585915649,2.534352862,2.484693667,2.436813479,2.390578831,2.345915612,2.302654872,2.260712335,2.220052701,2.180542458,2.142077995,2.104656466,2.068120605,2.032458289,1.997554674,1.963379528,1.929833503
0.726283814,5.109215596,5.043635776,4.971429183,4.78787344,4.568282109,4.392602041,4.236429317,4.095528762,3.966915481,3.848502436,3.737042142,3.632300194,3.534290668,3.441788662,3.353515275,3.269998331,3.189243254,3.112110769,3.038730583,2.968669125,2.90187375,2.838130659,2.777180864,2.71879411,2.662767248,2.608979949,2.55718664,2.50732874,2.459231357,2.412793745,2.367873961,2.324393337,2.282253244,2.241389445,2.201667813,2.163017741,2.125373426,2.088641075,2.052732927,2.017620699,1.983196661,1.949388163
0.766212253,5.146227949,5.080004774,5.007221582,4.822553299,4.604581042,4.427857409,4.270901694,4.129330366,4.000147722,3.880765617,3.768277032,3.66299298,3.56454866,3.470739555,3.38198343,3.296945563,3.215276447,3.13780631,3.06392754,2.993592534,2.926571206,2.862621887,2.801450769,2.742855538,2.686597817,2.632606731,2.580599955,2.530508563,2.482215318,2.435532839,2.390376812,2.346662028,2.304319268,2.263217903,2.223258423,2.184440005,2.146544167,2.109640371,2.073514373,2.038133189,2.003490846,1.96944723
0.808335813,5.184881051,5.117999672,5.044648066,4.858859953,4.642309171,4.46443118,4.3065865,4.164278101,4.03449871,3.913814537,3.800463962,3.694780844,3.595292856,3.50070483,3.411070069,3.324382568,3.242270335,3.164193594,3.089913255,3.019293843,2.951990642,2.887736661,2.826325117,2.767495786,2.711038096,2.656805146,2.604592346,2.554268862,2.505735388,2.45882833,2.413460927,2.369538954,2.326922171,2.285550942,2.245417384,2.206295875,2.168269044,2.131090382,2.094782306,2.059206136,2.02427758,1.989974676
0.852775172,5.22445511,5.156890316,5.082940764,4.896091114,4.680673417,4.501620211,4.342895065,4.199858396,4.06943078,3.947382636,3.833333354,3.727185801,3.62635756,3.531248903,3.439581751,3.352446725,3.26982324,3.191285719,3.11676935,3.045887916,2.978351406,2.913832607,2.852103438,2.792935375,2.73617451,2.681581906,2.629170738,2.578667593,2.529885258,2.482739906,2.437117544,2.392907269,2.350094262,2.30850836,2.268072256,2.228772313,2.190448565,2.153090791,2.116554997,2.080737838,2.04562712,2.011057032
0.899657645,5.264721162,5.196471229,5.121912527,4.934368352,4.719667048,4.53939266,4.379795706,4.236055116,4.10462084,3.981431811,3.866863431,3.759645829,3.657959705,3.561382582,3.468651376,3.381029205,3.297860352,3.219100782,3.14433871,3.073197434,3.005402815,2.940630237,2.878630445,2.819223576,2.762184884,2.707353293,2.654570957,2.603672039,2.554572776,2.507198835,2.461361131,2.416944732,2.373822907,2.332023469,2.291339845,2.251780176,2.213197506,2.175615242,2.138835409,2.10284962,2.067503185,2.032650454
0.949117546,5.305718754,5.236758416,5.161586781,4.973666694,4.759210484,4.577781436,4.417313691,4.272881521,4.140154583,4.016027505,3.90104315,3.792417777,3.690127031,3.59151064,3.498363464,3.410077337,3.326616228,3.247619916,3.172587647,3.10122043,3.033147627,2.96811609,2.90588966,2.846211753,2.788903855,2.733789514,2.68074268,2.629576086,2.580171337,2.532402121,2.486224265,2.441554981,2.398209485,2.356120842,2.315217536,2.275365453,2.23655368,2.198752521,2.161695347,2.125474964,2.089898562,2.05478816
1.001296572,5.347454871,5.277803656,5.201995582,5.013676749,4.799387716,4.616815305,4.455481831,4.310411365,4.176209046,4.051339478,3.935455573,3.825793642,3.721706273,3.622316845,3.528476793,3.439853299,3.356124065,3.276865104,3.201583258,3.129967962,3.061655147,2.996364334,2.933830113,2.873894048,2.816294458,2.760977387,2.707638899,2.656191793,2.606511484,2.558451986,2.511939647,2.466943456,2.423222643,2.380847754,2.33968685,2.299584857,2.260543108,2.222424296,2.185133891,2.14864916,2.112835792,2.077482884
1.05634421,5.39001754,5.319626737,5.243181453,5.054556853,4.840254091,4.656549089,4.494399022,4.348471461,4.212795618,4.087396393,3.970112679,3.85977223,3.753673518,3.653682115,3.559288381,3.470409598,3.386422445,3.306882712,3.231369463,3.159437386,3.090843418,3.025300037,2.96253651,2.902297256,2.844504855,2.788865145,2.735253098,2.683529929,2.633553388,2.585197793,2.538404333,2.493088346,2.449078581,2.406343284,2.364790431,2.324470602,2.285082415,2.246731419,2.209181739,2.172387353,2.136333641,2.10077026
1.114418168,5.433412651,5.362275727,5.285214589,5.097083752,4.881871242,4.697062405,4.534030937,4.386884693,4.250081322,4.124130009,4.005433395,3.893277425,3.786275914,3.685592214,3.590909187,3.501745063,3.417510381,3.337727384,3.261885464,3.189746054,3.120880102,3.055010577,2.991989779,2.93147955,2.873410606,2.81748799,2.763579847,2.711563083,2.661308832,2.612651999,2.5655994,2.519973643,2.475625826,2.432628995,2.390757851,2.350049077,2.310333278,2.271627577,2.233856319,2.1968152,2.160420647,2.12459323
1.17568482,5.477747058,5.405881243,5.328175275,5.1412198,4.924309951,4.738373143,4.574507153,4.425925267,4.28825008,4.161069814,4.041604262,3.927201335,3.819559097,3.718371464,3.62340052,3.533945559,3.449442175,3.369349274,3.293297205,3.220844405,3.151699655,3.085556341,3.022274635,2.961439483,2.903082352,2.846864817,2.792673258,2.740361185,2.689774757,2.640894564,2.593539093,2.547541986,2.502973428,2.459650425,2.417505923,2.376339449,2.33638686,2.297258121,2.25907237,2.221848431,2.185247545,2.14913103
1.24031969,5.523090004,5.450487689,5.372147525,5.186294342,4.967599341,4.780525651,4.615823959,4.465690954,4.327291799,4.198604063,4.077527904,3.961927339,3.85354612,3.752060909,3.656797539,3.567092859,3.482288585,3.401918807,3.325552344,3.252806232,3.183391021,3.116926553,3.053361721,2.992258031,2.933538069,2.877021524,2.822516534,2.769899593,2.719092258,2.669912037,2.622167519,2.575950768,2.531081808,2.487413805,2.44489638,2.403549751,2.363091597,2.323706272,2.285180675,2.247523821,2.2105511,2.174224388
1.308507949,5.569476011,5.496061516,5.41705962,5.232238658,5.011789871,4.823576701,4.658036546,4.506186228,4.367132068,4.23702918,4.113657895,3.997355702,3.888474034,3.786682541,3.691139796,3.601106187,3.516020326,3.435381801,3.358705865,3.285667888,3.215928006,3.149207678,3.085326613,3.023938737,2.964908977,2.908063638,2.853266041,2.800378261,2.749199614,2.699583448,2.651685217,2.605139123,2.559921931,2.515922972,2.473117576,2.431319224,2.390692601,2.350904499,2.311961938,2.273900986,2.236706487,2.200049049
1.380444951,5.616896543,5.542691363,5.463020922,5.279118086,5.056925838,4.867585719,4.700859169,4.547618819,4.407325768,4.276080022,4.150706682,4.033600535,3.924383775,3.822265509,3.726437118,3.636124462,3.550708188,3.469800899,3.392809774,3.31945165,3.24945018,3.182415773,3.118141475,3.05649511,2.997170814,2.940014258,2.884857887,2.831539387,2.780107401,2.730273631,2.681916179,2.635105903,2.589500305,2.545248692,2.502024736,2.460036806,2.418981652,2.378812501,2.339603061,2.301178966,2.263468033,2.22648452
1.456336786,5.665415293,5.590409147,5.510055039,5.326962276,5.102991229,4.912536517,4.744318486,4.590054448,4.448244606,4.314793634,4.188543586,4.070836478,3.961299145,3.858922773,3.762752176,3.672143762,3.586404105,3.505168663,3.427875486,3.354256006,3.28383829,3.216564916,3.151971127,3.08991486,3.030240663,2.972773425,2.917329076,2.863764931,2.81189279,2.761758653,2.713136673,2.66584596,2.62000714,2.575323056,2.531844484,2.489474447,2.448024426,2.407570026,2.368040585,2.329244169,2.291089326,2.253589979
1.536400879,5.714935168,5.639131336,5.558076423,5.375715214,5.149982761,4.958413928,4.788558898,4.633466458,4.48996884,4.354245039,4.227145619,4.109061278,3.999254662,3.896529999,3.800071475,3.709145932,3.623078872,3.541527768,3.463967184,3.389925599,3.319331671,3.25157627,3.18671045,3.124381661,3.06436903,3.006512044,2.950647148,2.896777745,2.844690696,2.794040146,2.745140748,2.697460024,2.651319644,2.606210946,2.562496623,2.519726285,2.47786021,2.437164975,2.397316285,2.358070823,2.319481635,2.281540007
1.620866604,5.765561416,5.688911755,5.607172216,5.425426278,5.197971438,5.005325714,4.833695274,4.677485466,4.532408916,4.394648663,4.266764712,4.148389886,4.038213772,3.935165589,3.838408505,3.747146066,3.660792134,3.578891507,3.500984769,3.426748085,3.355634231,3.287715332,3.222463477,3.159756649,3.099408347,3.041231239,2.985040305,2.93075944,2.878313836,2.827369759,2.778044471,2.730069527,2.683530879,2.637990199,2.593983845,2.550834194,2.508584069,2.467603103,2.427327289,2.387733287,2.34875902,2.310355654
1.709975947,5.817334619,5.739854279,5.657409187,5.476277495,5.24703487,5.053234666,4.879728405,4.722035141,4.574648057,4.435877674,4.307489747,4.18877907,4.078265512,3.974881147,3.877807902,3.786179913,3.699604053,3.617382961,3.539138064,3.464394214,3.393129992,3.324752386,3.25913494,3.196074613,3.135385833,3.07687394,3.020446439,2.965641498,2.912912561,2.861607409,2.811898786,2.763543487,2.716643633,2.67074256,2.626333406,2.582881111,2.540284989,2.498825635,2.458178707,2.418212028,2.37889256,2.340076642
1.803984197,5.870443454,5.792051551,5.708884185,5.528155967,5.297234838,5.102155657,4.92691499,4.767571307,4.617868868,4.478154546,4.349469138,4.230367598,4.119476184,4.015778856,3.918306186,3.826460718,3.739413593,3.656828612,3.578268085,3.503304948,3.431564363,3.36279801,3.296796283,3.23337447,3.172337035,3.113587072,3.05673979,3.00154118,2.948472454,2.896767224,2.846715024,2.797920437,2.750683065,2.704464684,2.659636173,2.615795209,2.572720843,2.530574912,2.489579962,2.449330385,2.409643461,2.370488392
1.903160678,5.924829339,5.845567234,5.761667417,5.581252201,5.348435212,5.151921123,4.975303335,4.814211634,4.662223013,4.521699026,4.392580344,4.273134118,4.161882667,4.057853658,3.960101297,3.867854525,3.780510206,3.697567166,3.618557334,3.543228171,3.471077209,3.401942723,3.335626987,3.271760955,3.210389898,3.151284553,3.094027156,3.038500581,2.984998338,2.932797933,2.882503517,2.833286547,2.785688564,2.739046473,2.69338285,2.649145393,2.605778232,2.563280374,2.521615331,2.481073058,2.441112554,2.401652541
2.00778952,5.980326433,5.900193595,5.815529332,5.635466068,5.400918256,5.202647321,5.024815972,4.861270009,4.70752296,4.566503374,4.436981376,4.317144484,4.205541657,4.101206526,4.003061912,3.910405474,3.82266462,3.739382275,3.660056531,3.584288212,3.511713325,3.442266165,3.375533607,3.311315443,3.249647541,3.190033379,3.132346088,3.076515128,3.022567508,2.970051545,2.919251933,2.86955418,2.821026677,2.774165052,2.728202404,2.683225864,2.639713496,2.596922455,2.554945035,2.513712049,2.473158003,2.433405495
2.118170476,6.037242818,5.956175353,5.870754463,5.690907442,5.454655824,5.254510895,5.074929611,4.908765549,4.753973692,4.612497598,4.482609614,4.362384808,4.250506063,4.145664886,4.047194763,3.954195675,3.866105069,3.782373658,3.702739606,3.626523748,3.553569686,3.483701223,3.41656514,3.352128037,3.289946425,3.229907223,3.171660848,3.115637817,3.060985975,3.008121474,2.956352106,2.906449068,2.857614313,2.809878728,2.763890302,2.718650926,2.674402467,2.631023456,2.588984162,2.547528246,2.50665783,2.466329982
2.234619775,6.095585942,6.013582639,5.927390104,5.747672874,5.509616814,5.307418457,5.126070265,4.957463013,4.801742592,4.659851903,4.529603871,4.408999212,4.296687,4.191544184,4.0926109,3.999261661,3.910791966,3.826566751,3.746618962,3.670003489,3.59666919,3.526379693,3.458953575,3.394026742,3.331411701,3.27071026,3.212375127,3.155545349,3.100327286,3.046748031,2.994849387,2.944050868,2.895120666,2.847217728,2.800240323,2.754771263,2.710417184,2.666781466,2.623864328,2.581726215,2.540399024,2.49998213
2.357471031,6.155353751,6.072380241,5.985475652,5.805753099,5.5659222,5.361651218,5.178472606,5.007358819,4.850899481,4.708633564,4.577906227,4.456882393,4.344185299,4.238632264,4.139384526,4.045602703,3.956757066,3.872074808,3.791709516,3.714715048,3.640991857,3.570391216,3.502482214,3.437081558,3.373795871,3.312908031,3.253695656,3.196138431,3.140651092,3.086582018,3.033991309,2.983318414,2.933479921,2.884966723,2.838257937,2.792191267,2.746962936,2.702660204,2.659833443,2.617569831,2.575878918,2.534740419
2.487076203,6.216622701,6.132687731,6.045300802,5.865209602,5.623604591,5.417277472,5.23188525,5.058481052,4.90157644,4.758799521,4.627639566,4.506238301,4.393135106,4.287156851,4.1874949,4.093310962,4.00403498,3.918969792,3.838121173,3.760832866,3.686711977,3.615586058,3.547176694,3.481042259,3.417440933,3.355722819,3.295765226,3.23813334,3.181879378,3.127497725,3.074764449,3.023014248,2.973274096,2.924561286,2.876786344,2.829985549,2.784923794,2.7404865,2.696800113,2.653880962,2.611622084,2.569923469
2.623806595,6.279458975,6.194494773,6.106852954,5.926136759,5.682824708,5.474357288,5.285656772,5.11106503,4.953657823,4.8104082,4.678789424,4.556985993,4.443498723,4.337144532,4.237023229,4.142415443,4.052675247,3.967238397,3.885733233,3.808109186,3.733541052,3.661783937,3.592975791,3.526388712,3.46185697,3.399516238,3.33944798,3.280976302,3.224507947,3.169691973,3.115990614,3.064612446,3.01400464,2.964504508,2.91649074,2.869765808,2.823761232,2.778633061,2.73439662,2.690949257,2.648791106,2.606928939
2.768053925,6.343892574,6.257932393,6.169945026,5.988480429,5.743334645,5.532685114,5.340778873,5.165228792,5.007248197,4.863519949,4.731524473,4.609254067,4.495286732,4.388551961,4.28797689,4.19289961,4.10265062,4.0169164,3.935087003,3.856752268,3.781732266,3.709677819,3.639901586,3.572193678,3.507585923,3.444802718,3.384104523,3.325280744,3.268330261,3.212603357,3.159306141,3.106803707,3.05550421,3.0060111,2.957584202,2.910008325,2.863381216,2.817698761,2.773508297,2.729964108,2.686957867,2.644476965
2.920231449,6.409908926,6.322982216,6.234788947,6.052454638,5.805100684,5.591978777,5.397504452,5.220934322,5.062390058,4.918152127,4.785674531,4.663007605,4.548585167,4.44144752,4.340398896,4.244887276,4.154122885,4.068037047,3.98576923,3.907037783,3.831301537,3.757956917,3.687657004,3.620086851,3.554256602,3.491368584,3.429836285,3.370919132,3.313059033,3.257601209,3.203189378,3.149950281,3.098661967,3.048606836,2.999412785,2.951223871,2.903993934,2.858654545,2.813763466,2.769520105,2.725919174,2.68289734
3.080775139,6.477690716,6.389660648,6.301919639,6.118003168,5.868280055,5.6527824,5.455492635,5.278256755,5.119185905,4.974520532,4.841573857,4.718341569,4.603490704,4.495883937,4.394395828,4.29822046,4.207363259,4.120493011,4.037549046,3.958071474,3.881593264,3.808107072,3.737176977,3.668722331,3.603035305,3.538940797,3.477571982,3.41747069,3.359544162,3.303310458,3.248131731,3.194603512,3.143034019,3.092172703,3.042337292,2.993471147,2.946700538,2.900443862,2.854894805,2.810056387,2.765904101,2.722336495
3.250144936,6.547169751,6.458079919,6.371033473,6.185130763,5.932912998,5.71512326,5.515125687,5.337223271,5.177621852,5.03241351,4.899051025,4.775312015,4.660045135,4.551871534,4.449814541,4.353515777,4.26183266,4.174755096,4.091221644,4.010765738,3.933447481,3.859169775,3.788033195,3.719040915,3.652635421,3.588238001,3.52610429,3.465210569,3.407285033,3.350159496,3.294270697,3.240958452,3.188447666,3.136925697,3.086391449,3.03756273,2.990241387,2.943317659,2.897130644,2.851729545,2.806965711,2.762761393
3.428826068,6.618476676,6.52829221,6.441886318,6.253981346,5.999108552,5.778262064,5.576506214,5.397958071,5.237798605,5.092141639,4.958224867,4.833991135,4.718260856,4.609490095,4.507195543,4.410297997,4.318144081,4.23006643,4.145500245,4.06458707,3.986977996,3.912196085,3.840096248,3.77099024,3.703521574,3.639141794,3.576010513,3.5149798,3.456183202,3.398349042,3.341930648,3.288370122,3.235094606,3.182899746,3.13161378,3.082834454,3.034851385,2.98738259,2.940613538,2.89445084118989,2.849060077902642,2.804203033705609
3.617330437,6.691647683,6.600319181,6.514564273,6.324600567,6.067071311,5.842738239,5.639692477,5.460504088,5.299798294,5.153584275,5.019168068,4.894473122,4.778353947,4.6691327,4.566198558,4.4685024,4.37568142,4.286791265,4.201596024,4.119744359,4.0417311,3.966687226,3.893549278,3.824098536,3.755689726,3.691137562,3.62723868,3.566174762,3.506466805,3.447841373,3.391329789,3.337038479,3.283138952,3.230151868,3.178178433,3.1293491068241455,3.0806861442297526,3.032657317491821,2.985290248747731,2.938345044566599,2.8923101397365714,2.84678244883644
3.81619809,6.766737869,6.674314257,6.588979835,6.397049404,6.136841477,5.908961095,5.704806138,5.525021897,5.363705418,5.216824204,5.08193182,4.956867612,4.840007384,4.730258077,4.626633907,4.528738555,4.434844025,4.345157159,4.259472023,4.177292862,4.097997547,4.022531211,3.949201035,3.878667718,3.81031344,3.744638443,3.679853966,3.61859328,3.558225351,3.498735784,3.441735181,3.387017579,3.332663174,3.2786899547452673,3.2260103413019645,3.177129654197327,3.1277682947296217,3.0791641950108106,3.0311828345191505,2.983433827057956,2.9367372503969866,2.89052066116864
4.025998763,6.843933459,6.750392939,6.665464008,6.471499737,6.20847655,5.976891662,5.771804979,5.591345238,5.429389447,5.28197238,5.146698201,5.021016017,4.90350005,4.793273608,4.68925064,4.590047388,4.495263001,4.404948302,4.31875146,4.236157467,4.156202102,4.0799148,4.006481369,3.934981332,3.86616369,3.7995014819931905,3.73380886232135,3.672346398514053,3.611301694311596,3.550925991021609,3.493423918364214,3.4382691707662105,3.3834483063549876,3.328463844370757,3.2750600728435706,3.2261267171363626,3.1760491792772534,3.1268551598526018,3.078243867451967,3.0296705914951407,2.982295496522263,2.9353724692851064
4.247333512,6.923155721,6.828328482,6.743729218,6.547866021,6.281719785,6.046686756,5.8407945,5.659639168,5.497163984,5.349264001,5.213286403,5.086914421,4.969079243,4.858069072,4.753198697,4.652793009,4.557350013,4.466458347,4.379718865,4.296604631,4.216504104,4.138970644,4.065291760869169,3.9927991810877703,3.923505797825192,3.8558300086795567,3.7892049882573287,3.7275353568047165,3.665795799550882,3.6045102897212957,3.546493352275195,3.490889782155967,3.435589998387097,3.3795672816120232,3.325420008472426,3.2764325772921876,3.225619730664685,3.1758200337474443,3.126561982855184,3.0771424207500684,3.0290706830548615,2.9814223476145543
4.48083644,7.004498489,6.908408921,6.824325675,6.626215372,6.356762041,6.118507516,5.911788621,5.729984554,5.566928122,5.418424784,5.281711046,5.15492449,5.036301464,4.925001167,4.818429873,4.717929394,4.62206643,4.530345099,4.442377543,4.358771244,4.278378262351917,4.1995661552943355,4.12563542075713,4.052124421235252,3.9823428934793066,3.9136270977367724,3.8460453675907624,3.7841631673466263,3.7217106412641243,3.659491604983778,3.6009463795139034,3.544882285451371,3.4890910962367445,3.4320030559366193,3.3770928970722465,3.328049980596823,3.276482654687304,3.226061489429979,3.1761398181603004,3.125851906059935,3.077065363205919,3.0286728097773654
4.727176509,7.08797011,6.990609791,6.906886093,6.706685521,6.433649014,6.192696794,5.984967855,5.802463644,5.63876165,5.489684093,5.352379479,5.224955897,5.105824627,4.992969683,4.886238539,4.784868688,4.688314563,4.596064721,4.506782411,4.4226396600774205,4.34194621787268,4.261820460957903,4.187630980614296,4.1130736822418354,4.04279064709947,3.9730063747125026,3.9044417450364213,3.842341156957289,3.77915614461565,3.715978026717387,3.656890051406676,3.6003528266168097,3.5440567797952185,3.485874252874839,3.4301803243865763,3.381080403713111,3.3287379447477563,3.2776782985340462,3.22707484036402,3.1758948072983797,3.1263738915857826,3.077216747296768
4.987059457,7.173744864,7.07517405,6.991549864,6.789256011,6.512575616,6.268868801,6.060336127,5.87708572,5.71274053,5.563018468,5.42517183,5.297101964,5.177118814,5.063160519,4.955791514,4.853660975,4.756459251,4.66358168164216,4.572948660981161,4.488254786935215,4.407252667002864,4.325777333766637,4.251322031285051,4.175689819269377,4.104891561223406,4.034009590868101,3.9644351807509968,3.9021102322386874,3.8381727011754854,3.77400927213454,3.7143637035430532,3.6573404085701298,3.6005256970005983,3.541218750800037,3.484719617698018,3.435561133842378,3.3824223430292344,3.3307067543086886,3.279402863331591,3.2273063110549822,3.1770309384255535,3.127088292798246
5.261229823,7.26210187,7.162655276,7.078696974,6.87430493,6.59291854,6.347340419,6.137952192,5.953982376,5.788839732,5.638365956,5.50004927,5.371068647,5.249910101,5.135645125,5.027456452,4.924597468,4.826679087958072,4.733154675625154,4.641129812324963,4.555868032298339,4.474547834752874,4.391681827760027,4.316952608297726,4.240212749259434,4.168883578689683,4.096870483156055,4.026255542661408,3.9636994014692304,3.8989864359079487,3.83380769092936,3.773587549169896,3.7160633821553475,3.6587142114063087,3.5982486049954767,3.5409197471070475,3.491700916697263,3.4377415440580448,3.3853500380028434,3.333324384567715,3.2802834031440677,3.2292305987991714,3.178478531667061
5.550473078,7.352468891,7.251893978,7.167773825,6.961154638,6.675168618,6.428170853,6.217867537,6.033119702,5.867294948,5.716538385,5.577260212,5.447680907,5.324837178,5.210086189,5.101130235,4.996960916903103,4.898311464592476,4.804127197414811,4.710682493219719,4.624841383236444,4.543196709640214,4.458912054148236,4.383903407601237,4.306033620153263,4.234162857242788,4.16099588285805,4.089319480714781,4.026527496179226,3.961023497507815,3.894809012533254,3.8340027395129446,3.7759676249330703,3.718073243843184,3.6564256696555972,3.5982503962672494,3.54897000537424,3.4941735441148967,3.4410925239966152,3.388330589156204,3.334326180483279,3.2824803056349134,3.2309025347045637
5.855617873,7.444806183,7.343805166,7.259280947,7.050612689,6.759946828,6.511350632,6.300148384,6.114649959,5.948383904,5.796426496,5.656787992,5.525773304,5.402821209,5.286924564,5.177351058269088,5.071826105378427,4.972420306265444,4.877553371828726,4.782639740187345,4.696199271728882,4.614218904338831,4.528466555019684,4.453168821071822,4.374130041478824,4.301698962368947,4.227338217386269,4.154563656882831,4.0915276754590675,4.025205296185601,3.9579192637490923,3.89650659581561,3.837942869258847,3.779484428888413,3.7166140240906245,3.6575630730377875,3.6082189934006808,3.5525565038042943,3.4987621318340585,3.4452384609651276,3.390237317563652,3.3375709542833993,3.2851389334324477
6.177538418,7.540922747,7.438815367,7.353610501,7.142172936,6.846859345,6.597207728,6.385100463,6.198908039,6.031530593,5.879290835,5.738217625,5.606124032,5.482764886,5.3655626427270215,5.255357121006266,5.148444781726485,5.048264920702529,4.952699329615904,4.856282365399291,4.769228500328032,4.686904576544622,4.599650157163113,4.524056564826936,4.443821413026281,4.370816894025197,4.295234418022532,4.221335978160875,4.158050284968686,4.090890357032679,4.022507679415003,3.9604744136237224,3.9013696939726286,3.8423339829596226,3.7782121064877536,3.7182649677016446,3.6688557076065647,3.61230690561031,3.557782473704605,3.5034792254724114,3.44745800188244,3.393951932740352,3.340645653779324
6.517156982,7.639199737,7.536905831,7.450304948,7.23607513,6.936298524,6.685491471,6.472462299,6.285466364,6.117530098,5.964249702,5.821824682,5.689062124,5.564951825889727,5.446407348548863,5.335552076127167,5.227213419644507,5.126237776112974,5.029953923692316,4.93199144257391,4.844306968648567,4.761629848093261,4.672831209749626,4.596933457078465,4.515468362217816,4.441874312291489,4.365035822834489,4.289981966950909,4.226439554942781,4.158418576274982,4.088908481018198,4.026237203056993,3.9665763097522335,3.9069471295696623,3.8415386644504967,3.7806701904177693,3.7311939208657514,3.6737339360634884,3.618458958344981,3.5633542573863406,3.50628432960511,3.451914991999755,3.397709922772413
6.875446537,7.739772926,7.637497739,7.549784186,7.332772994,7.02868451,6.776417679,6.562486703,6.374504327,6.205667886,6.051600048,5.908657728,5.774277475,5.649688205657377,5.529759858131468,5.418234679734162,5.308425461671591,5.206629350449388,5.109604956219355,5.01004901624601,4.921714371972237,4.838673098476862,4.74828233948006,4.6720709914166125,4.589337800647246,4.5151359325391835,4.437002468075175,4.360757355150576,4.296950260905706,4.228041521701911,4.157369036297103,4.094039955020679,4.033805635548733,3.9735645767757175,3.9068296130137226,3.845011223903788,3.79546586626066,3.7370664337506314,3.6810176282790543,3.6250866135206157,3.56693545073132,3.5116760660644375,3.456544326085756
7.253433548,7.843783117,7.740845982,7.651826898,7.431971458,7.123614679,6.870106005,6.655240355,6.466591262,6.297054637,6.141936312,5.997711226,5.86163832473369,5.7365580249210275,5.615210964993328,5.502999014147347,5.391682209626479,5.289044973491981,5.191261392554727,5.090071874617442,5.001070690413432,4.917656095563348,4.825633130496781,4.749100291532677,4.665067077530063,4.590242087974787,4.510781044434137,4.433314681744874,4.369236241259686,4.299417390041161,4.227553248557232,4.1635498022057265,4.102727619201717,4.041859276342351,3.9737644161855363,3.9109721956315506,3.861356010440628,3.8019934773968616,3.745151361221726,3.6883732282521917,3.6291136077970187,3.572941767021166,3.516860025155379
7.652200908,7.950407854,7.847111376,7.756805055,7.533901587,7.221354002,6.966831174,6.750821905,6.560984332,6.391029419,6.234501116,6.089440552,5.95149010805254,5.825904776941174,5.703098552642867,5.590180247297865,5.477312870269994,5.3738105260968965,5.275246111642986,5.172376437277529,5.082689707985902,4.998891147210878,4.90518943672735,4.82832594014221,4.742955635140373,4.667489756978507,4.586663280891165,4.507940846751506,4.44358332308817,4.372828409688557,4.299738634249165,4.235041594545618,4.173614786164622,4.1121012733695474,4.04260774187911,3.978813922872652,3.9291248906169756,3.8687717960031747,3.811113749332195,3.7534643441373916,3.693064660389381,3.6359543465006734,3.5788955151952475
8.072891045,8.060374542,7.956352014,7.864621384,7.638865168,7.322028532,7.066311566,6.849521039,6.659091495,6.487360109,6.330181970974198,6.183942237,6.044366612700075,5.91825924919237,5.793944740011532,5.680296301835684,5.56582615467534,5.461429579939422,5.362058046416082,5.25745165575468,5.1670563035602655,5.082860851241244,4.987423882972491,4.910218597688868,4.823466190587147,4.74733784929489,4.665099975485828,4.585079186192923,4.520433184447851,4.448710697781454,4.3743540293149445,4.308940047511809,4.24688825997557,4.1847078585966635,4.113768571665218,4.048939436943367,3.9991751053391607,3.9377981034319847,3.8792966592268634,3.8207466517747593,3.7591685262662775,3.70108814701873,3.6430193340687587
8.516709193,8.175119735,8.069555771,7.976143659,7.746663815,7.426012432,7.168777596,6.950827419,6.759505075,6.586835842,6.429265776426982,6.281187884,6.140546329322721,6.013898367004389,5.888021929829613,5.773617391184285,5.657487470352036,5.552164861174428,5.451957502878472,5.345552628501174,5.254423450779614,5.169816991216333,5.072583049615267,4.995023819700655,4.906840155158584,4.83002578981325,4.746326321024575,4.664960999751395,4.600016260018084,4.5272917877261065,4.451623168375982,4.385466745971373,4.3227677514986285,4.259896743219136,4.187460281634643,4.121559009535322,4.071716700513351,4.009279375398509,3.949904537689381,3.8904218974877396,3.8276234181878594,3.7685384725898365,3.709423757355589
8.984926847,8.293090937,8.187271243,8.092368111,7.85828788,7.533019608,7.274355868,7.055585834,6.863232436,6.689182032,6.532398485369436,6.381211754,6.240656278423715,6.113445626576692,5.985943435683115,5.870751899714726,5.752894381176346,5.646607896619618,5.545530558889514,5.437253708594843,5.345360718722953,5.260326456752391,5.161222111336978,5.083294473402077,4.993621065340943,4.916092642651223,4.83087185310851,4.748107057675535,4.6828513724970975,4.609083970016728,4.532049788978613,4.465120587307918,4.401747938807624,4.338158103065397,4.264163287146175,4.1971460664658355,4.147222593601866,4.083681616843231,4.023397695781589,3.9629443122635317,3.898875611338635,3.838745049370071,3.778541692703719
9.478885402,8.415642923,8.308798188,8.212071413,7.974080854,7.644587114,7.383860724,7.163325448,6.970082674,6.794577108,6.638584094690649,6.483825139,6.343729649165253,6.215939651240005,6.086763581603133,5.970761751876921,5.851125495855849,5.743846603599458,5.641873533591406,5.531669293766691,5.438989881629533,5.35351515358616,5.252485037280602,5.174178085832905,5.082970835357215,5.004707218033497,4.917920074102377,4.833714377737863,4.76813854260996,4.6932973374663085,4.614857171834246,4.54713231534093,4.483066071529113,4.418736129831075,4.343136829686934,4.274970626484349,4.224963587193142,4.160286288859363,4.099066374060133,4.037613511602707,3.9722369883718858,3.911029858042414,3.8497056343399323
10.0,8.542089014,8.434082589,8.335871306,8.093290937,7.760338402,7.497965701,7.276062197,7.080351514,6.903269273,6.748148589277621,6.588467764,6.450082872006497,6.321695092887944,6.1907918807533155,6.07395397327033,5.952482379348579,5.844179500426453,5.741282195440178,5.629089235476439,5.5355983766792605,5.449669166687167,5.346652000388509,5.267953665460649,5.175163764849962,5.09614155858927,5.007738218000175,4.922045770433467,4.856139598006287,4.780190421200178,4.7002995317608365,4.631753702265025,4.566971792552333,4.501878194314509,4.4246233543632325,4.355271607374218,4.305178342525489,4.239328564230773,4.177142871851597,4.114658726477943,4.047932765306573,3.985614809610979,3.9231340522586198
